-- phpMyAdmin SQL Dump
-- version 4.5.1
-- http://www.phpmyadmin.net
--
-- Host: 127.0.0.1
-- Generation Time: Apr 11, 2016 at 09:04 PM
-- Server version: 10.1.10-MariaDB
-- PHP Version: 5.6.15

SET SQL_MODE = "NO_AUTO_VALUE_ON_ZERO";
SET time_zone = "+00:00";


/*!40101 SET @OLD_CHARACTER_SET_CLIENT=@@CHARACTER_SET_CLIENT */;
/*!40101 SET @OLD_CHARACTER_SET_RESULTS=@@CHARACTER_SET_RESULTS */;
/*!40101 SET @OLD_COLLATION_CONNECTION=@@COLLATION_CONNECTION */;
/*!40101 SET NAMES utf8mb4 */;

--
-- Database: `last1`
--

-- --------------------------------------------------------

--
-- Table structure for table `course`
--

CREATE TABLE `course` (
  `course_id` int(10) NOT NULL,
  `course_yrSec` varchar(20) NOT NULL,
  `dept_id` tinyint(4) NOT NULL,
  `major` varchar(50) NOT NULL
) ENGINE=InnoDB DEFAULT CHARSET=latin1;

--
-- Dumping data for table `course`
--

INSERT INTO `course` (`course_id`, `course_yrSec`, `dept_id`, `major`) VALUES
(6, 'BSIM4b', 2, ''),
(7, 'BSED1a', 1, 'Math'),
(13, 'BSED 2a', 1, 'Math'),
(18, 'BSIT3D', 2, 'Electrical'),
(19, 'BSCE 1a', 2, ''),
(20, 'BSHRM 2a', 2, ''),
(21, 'BSED 3a', 1, 'Math'),
(22, 'BSED 4a', 1, 'Math'),
(23, 'BEED 1a', 1, 'HELE'),
(24, 'BEED 2a', 1, 'HELE'),
(25, 'BEED 3a', 1, 'HELE'),
(26, 'BEED 4a', 1, 'HELE'),
(31, 'BSIT3A', 2, ''),
(32, 'BSIT3B', 2, ''),
(33, 'BSIT3C', 2, ''),
(34, 'BSIT3E', 2, ''),
(35, 'AIT2A', 2, ''),
(36, 'AIT2B', 2, ''),
(37, 'AIT2C', 2, ''),
(38, 'AIT2D', 2, ''),
(39, 'AIT2E', 2, ''),
(40, 'BSIS1a', 2, ''),
(41, 'BSIS1b', 2, ''),
(42, 'BSIS1c', 2, ''),
(43, 'BSIS1d', 2, ''),
(44, 'BSIS2A', 2, ''),
(45, 'BSIS2B', 2, ''),
(46, 'BSIS3A', 2, ''),
(47, 'BSIS3B', 2, ''),
(48, 'BSIS4A', 2, 'CSE');

-- --------------------------------------------------------

--
-- Table structure for table `day`
--

CREATE TABLE `day` (
  `day_id` int(10) NOT NULL,
  `day_name` text NOT NULL
) ENGINE=InnoDB DEFAULT CHARSET=latin1;

--
-- Dumping data for table `day`
--

INSERT INTO `day` (`day_id`, `day_name`) VALUES
(1, 'Monday'),
(2, 'Tuesday'),
(3, 'Wednesday'),
(4, 'Thursday'),
(5, 'Friday');

-- --------------------------------------------------------

--
-- Table structure for table `dept`
--

CREATE TABLE `dept` (
  `dept_id` tinyint(5) NOT NULL,
  `department` varchar(70) NOT NULL,
  `dept_person` varchar(30) NOT NULL,
  `title` varchar(30) NOT NULL
) ENGINE=InnoDB DEFAULT CHARSET=latin1;

--
-- Dumping data for table `dept`
--

INSERT INTO `dept` (`dept_id`, `department`, `dept_person`, `title`) VALUES
(1, 'CSE', 'Dr. Binales', 'Dean'),
(2, 'EE', 'Dr. Sobrepena', 'Dean, CIT'),
(3, 'SS', 'Ms. Tejada', 'Dean'),
(6, 'Maths', 'ABV', 'SS');

-- --------------------------------------------------------

--
-- Table structure for table `profile`
--

CREATE TABLE `profile` (
  `teacher_id` int(5) NOT NULL,
  `teacher_name` text NOT NULL,
  `acad_rank` varchar(30) NOT NULL,
  `designation` varchar(30) NOT NULL,
  `dept_id` int(4) NOT NULL
) ENGINE=InnoDB DEFAULT CHARSET=latin1;

--
-- Dumping data for table `profile`
--

INSERT INTO `profile` (`teacher_id`, `teacher_name`, `acad_rank`, `designation`, `dept_id`) VALUES
(1, 'Ms. Cristine Redoblo', 'Instructor 1', '', 2),
(2, 'Mr. Ian Cuello', '', '', 2),
(3, 'Ms. Elvie Samson', '', '', 1),
(4, 'Mrs. Gaitan', '', '', 2),
(5, 'Mr. Ian Besina', '', '', 3),
(6, 'Mr. Albert M. Monge', '', '', 2),
(7, 'Mr. A Cabrera', '', '', 2),
(8, 'Mr. R. Cadagat', '', '', 2),
(9, 'Teacher X', '', '', 2),
(10, 'Teacher Y', '', '', 2),
(11, 'Teacher A', '', '', 2),
(12, 'Mr. Joemar Pabuaya ', '', '', 2),
(13, 'Ms. A. Arandilla ', '', '', 2),
(14, 'Mr. G. Gumata', '', '', 2),
(15, 'Teacher B ', '', '', 2),
(16, 'samar', '1', 'ap', 3);

-- --------------------------------------------------------

--
-- Table structure for table `room`
--

CREATE TABLE `room` (
  `room_id` int(10) NOT NULL,
  `room_name` varchar(20) NOT NULL,
  `room_desc` varchar(30) NOT NULL,
  `room_isNKN` int(10) NOT NULL DEFAULT '0',
  `room_size` int(100) NOT NULL
) ENGINE=InnoDB DEFAULT CHARSET=latin1;

--
-- Dumping data for table `room`
--

INSERT INTO `room` (`room_id`, `room_name`, `room_desc`, `room_isNKN`, `room_size`) VALUES
(1, 'Room 312', 'Computer Lab', 1, 100),
(2, 'Room 311', 'Computer Lab', 1, 120),
(3, 'Room 316', 'Lecture Room', 1, 100),
(4, 'Room 217', 'Lecture Room', 0, 120),
(5, 'Room 314', 'Lecture Room', 1, 60),
(6, 'Room 401', 'Lecture Room', 0, 40),
(7, 'Room 402', 'Computer Lab', 1, 80),
(8, 'Room 313', 'Computer Laboratory', 0, 70),
(9, '2102', 'class I', 1, 150),
(10, 'Room400', 'Conference Room', 1, 200),
(11, 'S1', 'Conference Room', 1, 120);

-- --------------------------------------------------------

--
-- Table structure for table `sched`
--

CREATE TABLE `sched` (
  `sched_id` int(10) NOT NULL,
  `room_id` int(10) NOT NULL,
  `course_id` int(5) NOT NULL,
  `sub_id` int(10) NOT NULL,
  `teacher_id` int(10) NOT NULL,
  `time_s_id` int(10) NOT NULL,
  `time_e_id` int(10) NOT NULL,
  `day_id` int(10) NOT NULL,
  `sem_id` int(10) NOT NULL,
  `year_id` int(10) NOT NULL,
  `dept_id` tinyint(4) NOT NULL,
  `group_name` varchar(100) NOT NULL
) ENGINE=InnoDB DEFAULT CHARSET=latin1;

--
-- Dumping data for table `sched`
--

INSERT INTO `sched` (`sched_id`, `room_id`, `course_id`, `sub_id`, `teacher_id`, `time_s_id`, `time_e_id`, `day_id`, `sem_id`, `year_id`, `dept_id`, `group_name`) VALUES
(82925, 1, 0, -1, -1, 1, 2, 1, 0, 0, 0, '-1'),
(82926, 1, 0, -1, -1, 2, 3, 1, 0, 0, 0, '-1'),
(82927, 1, 0, -1, -1, 3, 4, 1, 0, 0, 0, '-1'),
(82928, 1, 0, -1, -1, 4, 5, 1, 0, 0, 0, '-1'),
(82929, 1, 0, -1, -1, 5, 6, 1, 0, 0, 0, '-1'),
(82930, 1, 0, -1, -1, 6, 7, 1, 0, 0, 0, '-1'),
(82931, 1, 0, -1, -1, 7, 8, 1, 0, 0, 0, '-1'),
(82932, 1, 0, -1, -1, 8, 9, 1, 0, 0, 0, '-1'),
(82933, 1, 0, -1, -1, 9, 10, 1, 0, 0, 0, '-1'),
(82934, 1, 0, -1, -1, 10, 11, 1, 0, 0, 0, '-1'),
(82935, 1, 0, -1, -1, 11, 12, 1, 0, 0, 0, '-1'),
(82936, 1, 0, -1, -1, 12, 13, 1, 0, 0, 0, '-1'),
(82937, 2, 0, -1, -1, 1, 2, 1, 0, 0, 0, '-1'),
(82938, 2, 0, -1, -1, 2, 3, 1, 0, 0, 0, '-1'),
(82939, 2, 0, -1, -1, 3, 4, 1, 0, 0, 0, '-1'),
(82940, 2, 0, -1, -1, 4, 5, 1, 0, 0, 0, '-1'),
(82941, 2, 0, -1, -1, 5, 6, 1, 0, 0, 0, '-1'),
(82942, 2, 0, -1, -1, 6, 7, 1, 0, 0, 0, '-1'),
(82943, 2, 0, -1, -1, 7, 8, 1, 0, 0, 0, '-1'),
(82944, 2, 0, -1, -1, 8, 9, 1, 0, 0, 0, '-1'),
(82945, 2, 0, 3, 13, 9, 10, 1, 0, 0, 0, '31'),
(82946, 2, 0, -1, -1, 10, 11, 1, 0, 0, 0, '-1'),
(82947, 2, 0, -1, -1, 11, 12, 1, 0, 0, 0, '-1'),
(82948, 2, 0, -1, -1, 12, 13, 1, 0, 0, 0, '-1'),
(82949, 3, 0, -1, -1, 1, 2, 1, 0, 0, 0, '-1'),
(82950, 3, 0, -1, -1, 2, 3, 1, 0, 0, 0, '-1'),
(82951, 3, 0, 4, 14, 3, 4, 1, 0, 0, 0, '31'),
(82952, 3, 0, -1, -1, 4, 5, 1, 0, 0, 0, '-1'),
(82953, 3, 0, -1, -1, 5, 6, 1, 0, 0, 0, '-1'),
(82954, 3, 0, -1, -1, 6, 7, 1, 0, 0, 0, '-1'),
(82955, 3, 0, -1, -1, 7, 8, 1, 0, 0, 0, '-1'),
(82956, 3, 0, -1, -1, 8, 9, 1, 0, 0, 0, '-1'),
(82957, 3, 0, -1, -1, 9, 10, 1, 0, 0, 0, '-1'),
(82958, 3, 0, -1, -1, 10, 11, 1, 0, 0, 0, '-1'),
(82959, 3, 0, -1, -1, 11, 12, 1, 0, 0, 0, '-1'),
(82960, 3, 0, -1, -1, 12, 13, 1, 0, 0, 0, '-1'),
(82961, 4, 0, -1, -1, 1, 2, 1, 0, 0, 0, '-1'),
(82962, 4, 0, -1, -1, 2, 3, 1, 0, 0, 0, '-1'),
(82963, 4, 0, -1, -1, 3, 4, 1, 0, 0, 0, '-1'),
(82964, 4, 0, -1, -1, 4, 5, 1, 0, 0, 0, '-1'),
(82965, 4, 0, -1, -1, 5, 6, 1, 0, 0, 0, '-1'),
(82966, 4, 0, -1, -1, 6, 7, 1, 0, 0, 0, '-1'),
(82967, 4, 0, -1, -1, 7, 8, 1, 0, 0, 0, '-1'),
(82968, 4, 0, -1, -1, 8, 9, 1, 0, 0, 0, '-1'),
(82969, 4, 0, -1, -1, 9, 10, 1, 0, 0, 0, '-1'),
(82970, 4, 0, 9, 1, 10, 11, 1, 0, 0, 0, '2'),
(82971, 4, 0, -1, -1, 11, 12, 1, 0, 0, 0, '-1'),
(82972, 4, 0, 13, 15, 12, 13, 1, 0, 0, 0, '22'),
(82973, 5, 0, -1, -1, 1, 2, 1, 0, 0, 0, '-1'),
(82974, 5, 0, -1, -1, 2, 3, 1, 0, 0, 0, '-1'),
(82975, 5, 0, -1, -1, 3, 4, 1, 0, 0, 0, '-1'),
(82976, 5, 0, -1, -1, 4, 5, 1, 0, 0, 0, '-1'),
(82977, 5, 0, -1, -1, 5, 6, 1, 0, 0, 0, '-1'),
(82978, 5, 0, -1, -1, 6, 7, 1, 0, 0, 0, '-1'),
(82979, 5, 0, -1, -1, 7, 8, 1, 0, 0, 0, '-1'),
(82980, 5, 0, -1, -1, 8, 9, 1, 0, 0, 0, '-1'),
(82981, 5, 0, -1, -1, 9, 10, 1, 0, 0, 0, '-1'),
(82982, 5, 0, -1, -1, 10, 11, 1, 0, 0, 0, '-1'),
(82983, 5, 0, -1, -1, 11, 12, 1, 0, 0, 0, '-1'),
(82984, 5, 0, -1, -1, 12, 13, 1, 0, 0, 0, '-1'),
(82985, 6, 0, -1, -1, 1, 2, 1, 0, 0, 0, '-1'),
(82986, 6, 0, -1, -1, 2, 3, 1, 0, 0, 0, '-1'),
(82987, 6, 0, -1, -1, 3, 4, 1, 0, 0, 0, '-1'),
(82988, 6, 0, -1, -1, 4, 5, 1, 0, 0, 0, '-1'),
(82989, 6, 0, -1, -1, 5, 6, 1, 0, 0, 0, '-1'),
(82990, 6, 0, -1, -1, 6, 7, 1, 0, 0, 0, '-1'),
(82991, 6, 0, -1, -1, 7, 8, 1, 0, 0, 0, '-1'),
(82992, 6, 0, -1, -1, 8, 9, 1, 0, 0, 0, '-1'),
(82993, 6, 0, -1, -1, 9, 10, 1, 0, 0, 0, '-1'),
(82994, 6, 0, -1, -1, 10, 11, 1, 0, 0, 0, '-1'),
(82995, 6, 0, -1, -1, 11, 12, 1, 0, 0, 0, '-1'),
(82996, 6, 0, -1, -1, 12, 13, 1, 0, 0, 0, '-1'),
(82997, 7, 0, 1, 4, 1, 2, 1, 0, 0, 0, '11'),
(82998, 7, 0, -1, -1, 2, 3, 1, 0, 0, 0, '-1'),
(82999, 7, 0, 7, 7, 3, 4, 1, 0, 0, 0, '6'),
(83000, 7, 0, -1, -1, 4, 5, 1, 0, 0, 0, '-1'),
(83001, 7, 0, -1, -1, 5, 6, 1, 0, 0, 0, '-1'),
(83002, 7, 0, -1, -1, 6, 7, 1, 0, 0, 0, '-1'),
(83003, 7, 0, -1, -1, 7, 8, 1, 0, 0, 0, '-1'),
(83004, 7, 0, -1, -1, 8, 9, 1, 0, 0, 0, '-1'),
(83005, 7, 0, -1, -1, 9, 10, 1, 0, 0, 0, '-1'),
(83006, 7, 0, -1, -1, 10, 11, 1, 0, 0, 0, '-1'),
(83007, 7, 0, -1, -1, 11, 12, 1, 0, 0, 0, '-1'),
(83008, 7, 0, -1, -1, 12, 13, 1, 0, 0, 0, '-1'),
(83009, 8, 0, -1, -1, 1, 2, 1, 0, 0, 0, '-1'),
(83010, 8, 0, -1, -1, 2, 3, 1, 0, 0, 0, '-1'),
(83011, 8, 0, -1, -1, 3, 4, 1, 0, 0, 0, '-1'),
(83012, 8, 0, -1, -1, 4, 5, 1, 0, 0, 0, '-1'),
(83013, 8, 0, -1, -1, 5, 6, 1, 0, 0, 0, '-1'),
(83014, 8, 0, -1, -1, 6, 7, 1, 0, 0, 0, '-1'),
(83015, 8, 0, -1, -1, 7, 8, 1, 0, 0, 0, '-1'),
(83016, 8, 0, -1, -1, 8, 9, 1, 0, 0, 0, '-1'),
(83017, 8, 0, -1, -1, 9, 10, 1, 0, 0, 0, '-1'),
(83018, 8, 0, -1, -1, 10, 11, 1, 0, 0, 0, '-1'),
(83019, 8, 0, -1, -1, 11, 12, 1, 0, 0, 0, '-1'),
(83020, 8, 0, -1, -1, 12, 13, 1, 0, 0, 0, '-1'),
(83021, 9, 0, -1, -1, 1, 2, 1, 0, 0, 0, '-1'),
(83022, 9, 0, -1, -1, 2, 3, 1, 0, 0, 0, '-1'),
(83023, 9, 0, -1, -1, 3, 4, 1, 0, 0, 0, '-1'),
(83024, 9, 0, -1, -1, 4, 5, 1, 0, 0, 0, '-1'),
(83025, 9, 0, -1, -1, 5, 6, 1, 0, 0, 0, '-1'),
(83026, 9, 0, -1, -1, 6, 7, 1, 0, 0, 0, '-1'),
(83027, 9, 0, -1, -1, 7, 8, 1, 0, 0, 0, '-1'),
(83028, 9, 0, -1, -1, 8, 9, 1, 0, 0, 0, '-1'),
(83029, 9, 0, -1, -1, 9, 10, 1, 0, 0, 0, '-1'),
(83030, 9, 0, -1, -1, 10, 11, 1, 0, 0, 0, '-1'),
(83031, 9, 0, -1, -1, 11, 12, 1, 0, 0, 0, '-1'),
(83032, 9, 0, -1, -1, 12, 13, 1, 0, 0, 0, '-1'),
(83033, 10, 0, -1, -1, 1, 2, 1, 0, 0, 0, '-1'),
(83034, 10, 0, -1, -1, 2, 3, 1, 0, 0, 0, '-1'),
(83035, 10, 0, -1, -1, 3, 4, 1, 0, 0, 0, '-1'),
(83036, 10, 0, -1, -1, 4, 5, 1, 0, 0, 0, '-1'),
(83037, 10, 0, -1, -1, 5, 6, 1, 0, 0, 0, '-1'),
(83038, 10, 0, -1, -1, 6, 7, 1, 0, 0, 0, '-1'),
(83039, 10, 0, -1, -1, 7, 8, 1, 0, 0, 0, '-1'),
(83040, 10, 0, -1, -1, 8, 9, 1, 0, 0, 0, '-1'),
(83041, 10, 0, -1, -1, 9, 10, 1, 0, 0, 0, '-1'),
(83042, 10, 0, -1, -1, 10, 11, 1, 0, 0, 0, '-1'),
(83043, 10, 0, -1, -1, 11, 12, 1, 0, 0, 0, '-1'),
(83044, 10, 0, -1, -1, 12, 13, 1, 0, 0, 0, '-1'),
(83045, 11, 0, -1, -1, 1, 2, 1, 0, 0, 0, '-1'),
(83046, 11, 0, -1, -1, 2, 3, 1, 0, 0, 0, '-1'),
(83047, 11, 0, 1, 4, 3, 4, 1, 0, 0, 0, '11'),
(83048, 11, 0, -1, -1, 4, 5, 1, 0, 0, 0, '-1'),
(83049, 11, 0, -1, -1, 5, 6, 1, 0, 0, 0, '-1'),
(83050, 11, 0, -1, -1, 6, 7, 1, 0, 0, 0, '-1'),
(83051, 11, 0, -1, -1, 7, 8, 1, 0, 0, 0, '-1'),
(83052, 11, 0, -1, -1, 8, 9, 1, 0, 0, 0, '-1'),
(83053, 11, 0, -1, -1, 9, 10, 1, 0, 0, 0, '-1'),
(83054, 11, 0, -1, -1, 10, 11, 1, 0, 0, 0, '-1'),
(83055, 11, 0, -1, -1, 11, 12, 1, 0, 0, 0, '-1'),
(83056, 11, 0, -1, -1, 12, 13, 1, 0, 0, 0, '-1'),
(83057, 1, 0, -1, -1, 1, 2, 2, 0, 0, 0, '-1'),
(83058, 1, 0, -1, -1, 2, 3, 2, 0, 0, 0, '-1'),
(83059, 1, 0, -1, -1, 3, 4, 2, 0, 0, 0, '-1'),
(83060, 1, 0, -1, -1, 4, 5, 2, 0, 0, 0, '-1'),
(83061, 1, 0, -1, -1, 5, 6, 2, 0, 0, 0, '-1'),
(83062, 1, 0, -1, -1, 6, 7, 2, 0, 0, 0, '-1'),
(83063, 1, 0, -1, -1, 7, 8, 2, 0, 0, 0, '-1'),
(83064, 1, 0, -1, -1, 8, 9, 2, 0, 0, 0, '-1'),
(83065, 1, 0, -1, -1, 9, 10, 2, 0, 0, 0, '-1'),
(83066, 1, 0, -1, -1, 10, 11, 2, 0, 0, 0, '-1'),
(83067, 1, 0, -1, -1, 11, 12, 2, 0, 0, 0, '-1'),
(83068, 1, 0, -1, -1, 12, 13, 2, 0, 0, 0, '-1'),
(83069, 2, 0, 9, 1, 1, 2, 2, 0, 0, 0, '2'),
(83070, 2, 0, -1, -1, 2, 3, 2, 0, 0, 0, '-1'),
(83071, 2, 0, -1, -1, 3, 4, 2, 0, 0, 0, '-1'),
(83072, 2, 0, -1, -1, 4, 5, 2, 0, 0, 0, '-1'),
(83073, 2, 0, -1, -1, 5, 6, 2, 0, 0, 0, '-1'),
(83074, 2, 0, -1, -1, 6, 7, 2, 0, 0, 0, '-1'),
(83075, 2, 0, -1, -1, 7, 8, 2, 0, 0, 0, '-1'),
(83076, 2, 0, -1, -1, 8, 9, 2, 0, 0, 0, '-1'),
(83077, 2, 0, -1, -1, 9, 10, 2, 0, 0, 0, '-1'),
(83078, 2, 0, -1, -1, 10, 11, 2, 0, 0, 0, '-1'),
(83079, 2, 0, -1, -1, 11, 12, 2, 0, 0, 0, '-1'),
(83080, 2, 0, -1, -1, 12, 13, 2, 0, 0, 0, '-1'),
(83081, 3, 0, -1, -1, 1, 2, 2, 0, 0, 0, '-1'),
(83082, 3, 0, -1, -1, 2, 3, 2, 0, 0, 0, '-1'),
(83083, 3, 0, -1, -1, 3, 4, 2, 0, 0, 0, '-1'),
(83084, 3, 0, 11, 13, 4, 5, 2, 0, 0, 0, '13'),
(83085, 3, 0, -1, -1, 5, 6, 2, 0, 0, 0, '-1'),
(83086, 3, 0, -1, -1, 6, 7, 2, 0, 0, 0, '-1'),
(83087, 3, 0, -1, -1, 7, 8, 2, 0, 0, 0, '-1'),
(83088, 3, 0, -1, -1, 8, 9, 2, 0, 0, 0, '-1'),
(83089, 3, 0, -1, -1, 9, 10, 2, 0, 0, 0, '-1'),
(83090, 3, 0, -1, -1, 10, 11, 2, 0, 0, 0, '-1'),
(83091, 3, 0, -1, -1, 11, 12, 2, 0, 0, 0, '-1'),
(83092, 3, 0, -1, -1, 12, 13, 2, 0, 0, 0, '-1'),
(83093, 4, 0, -1, -1, 1, 2, 2, 0, 0, 0, '-1'),
(83094, 4, 0, -1, -1, 2, 3, 2, 0, 0, 0, '-1'),
(83095, 4, 0, 15, 13, 3, 4, 2, 0, 0, 0, '23'),
(83096, 4, 0, -1, -1, 4, 5, 2, 0, 0, 0, '-1'),
(83097, 4, 0, -1, -1, 5, 6, 2, 0, 0, 0, '-1'),
(83098, 4, 0, -1, -1, 6, 7, 2, 0, 0, 0, '-1'),
(83099, 4, 0, -1, -1, 7, 8, 2, 0, 0, 0, '-1'),
(83100, 4, 0, -1, -1, 8, 9, 2, 0, 0, 0, '-1'),
(83101, 4, 0, -1, -1, 9, 10, 2, 0, 0, 0, '-1'),
(83102, 4, 0, -1, -1, 10, 11, 2, 0, 0, 0, '-1'),
(83103, 4, 0, -1, -1, 11, 12, 2, 0, 0, 0, '-1'),
(83104, 4, 0, -1, -1, 12, 13, 2, 0, 0, 0, '-1'),
(83105, 5, 0, -1, -1, 1, 2, 2, 0, 0, 0, '-1'),
(83106, 5, 0, -1, -1, 2, 3, 2, 0, 0, 0, '-1'),
(83107, 5, 0, -1, -1, 3, 4, 2, 0, 0, 0, '-1'),
(83108, 5, 0, -1, -1, 4, 5, 2, 0, 0, 0, '-1'),
(83109, 5, 0, -1, -1, 5, 6, 2, 0, 0, 0, '-1'),
(83110, 5, 0, -1, -1, 6, 7, 2, 0, 0, 0, '-1'),
(83111, 5, 0, -1, -1, 7, 8, 2, 0, 0, 0, '-1'),
(83112, 5, 0, -1, -1, 8, 9, 2, 0, 0, 0, '-1'),
(83113, 5, 0, -1, -1, 9, 10, 2, 0, 0, 0, '-1'),
(83114, 5, 0, -1, -1, 10, 11, 2, 0, 0, 0, '-1'),
(83115, 5, 0, -1, -1, 11, 12, 2, 0, 0, 0, '-1'),
(83116, 5, 0, -1, -1, 12, 13, 2, 0, 0, 0, '-1'),
(83117, 6, 0, -1, -1, 1, 2, 2, 0, 0, 0, '-1'),
(83118, 6, 0, -1, -1, 2, 3, 2, 0, 0, 0, '-1'),
(83119, 6, 0, -1, -1, 3, 4, 2, 0, 0, 0, '-1'),
(83120, 6, 0, -1, -1, 4, 5, 2, 0, 0, 0, '-1'),
(83121, 6, 0, -1, -1, 5, 6, 2, 0, 0, 0, '-1'),
(83122, 6, 0, -1, -1, 6, 7, 2, 0, 0, 0, '-1'),
(83123, 6, 0, -1, -1, 7, 8, 2, 0, 0, 0, '-1'),
(83124, 6, 0, -1, -1, 8, 9, 2, 0, 0, 0, '-1'),
(83125, 6, 0, -1, -1, 9, 10, 2, 0, 0, 0, '-1'),
(83126, 6, 0, -1, -1, 10, 11, 2, 0, 0, 0, '-1'),
(83127, 6, 0, -1, -1, 11, 12, 2, 0, 0, 0, '-1'),
(83128, 6, 0, -1, -1, 12, 13, 2, 0, 0, 0, '-1'),
(83129, 7, 0, -1, -1, 1, 2, 2, 0, 0, 0, '-1'),
(83130, 7, 0, -1, -1, 2, 3, 2, 0, 0, 0, '-1'),
(83131, 7, 0, -1, -1, 3, 4, 2, 0, 0, 0, '-1'),
(83132, 7, 0, -1, -1, 4, 5, 2, 0, 0, 0, '-1'),
(83133, 7, 0, -1, -1, 5, 6, 2, 0, 0, 0, '-1'),
(83134, 7, 0, -1, -1, 6, 7, 2, 0, 0, 0, '-1'),
(83135, 7, 0, -1, -1, 7, 8, 2, 0, 0, 0, '-1'),
(83136, 7, 0, -1, -1, 8, 9, 2, 0, 0, 0, '-1'),
(83137, 7, 0, 5, 15, 9, 10, 2, 0, 0, 0, '12'),
(83138, 7, 0, 5, 15, 10, 11, 2, 0, 0, 0, '12'),
(83139, 7, 0, -1, -1, 11, 12, 2, 0, 0, 0, '-1'),
(83140, 7, 0, 14, 14, 12, 13, 2, 0, 0, 0, '24'),
(83141, 8, 0, -1, -1, 1, 2, 2, 0, 0, 0, '-1'),
(83142, 8, 0, -1, -1, 2, 3, 2, 0, 0, 0, '-1'),
(83143, 8, 0, -1, -1, 3, 4, 2, 0, 0, 0, '-1'),
(83144, 8, 0, -1, -1, 4, 5, 2, 0, 0, 0, '-1'),
(83145, 8, 0, -1, -1, 5, 6, 2, 0, 0, 0, '-1'),
(83146, 8, 0, -1, -1, 6, 7, 2, 0, 0, 0, '-1'),
(83147, 8, 0, -1, -1, 7, 8, 2, 0, 0, 0, '-1'),
(83148, 8, 0, -1, -1, 8, 9, 2, 0, 0, 0, '-1'),
(83149, 8, 0, -1, -1, 9, 10, 2, 0, 0, 0, '-1'),
(83150, 8, 0, -1, -1, 10, 11, 2, 0, 0, 0, '-1'),
(83151, 8, 0, -1, -1, 11, 12, 2, 0, 0, 0, '-1'),
(83152, 8, 0, -1, -1, 12, 13, 2, 0, 0, 0, '-1'),
(83153, 9, 0, -1, -1, 1, 2, 2, 0, 0, 0, '-1'),
(83154, 9, 0, -1, -1, 2, 3, 2, 0, 0, 0, '-1'),
(83155, 9, 0, -1, -1, 3, 4, 2, 0, 0, 0, '-1'),
(83156, 9, 0, -1, -1, 4, 5, 2, 0, 0, 0, '-1'),
(83157, 9, 0, -1, -1, 5, 6, 2, 0, 0, 0, '-1'),
(83158, 9, 0, -1, -1, 6, 7, 2, 0, 0, 0, '-1'),
(83159, 9, 0, -1, -1, 7, 8, 2, 0, 0, 0, '-1'),
(83160, 9, 0, -1, -1, 8, 9, 2, 0, 0, 0, '-1'),
(83161, 9, 0, -1, -1, 9, 10, 2, 0, 0, 0, '-1'),
(83162, 9, 0, -1, -1, 10, 11, 2, 0, 0, 0, '-1'),
(83163, 9, 0, -1, -1, 11, 12, 2, 0, 0, 0, '-1'),
(83164, 9, 0, -1, -1, 12, 13, 2, 0, 0, 0, '-1'),
(83165, 10, 0, -1, -1, 1, 2, 2, 0, 0, 0, '-1'),
(83166, 10, 0, -1, -1, 2, 3, 2, 0, 0, 0, '-1'),
(83167, 10, 0, -1, -1, 3, 4, 2, 0, 0, 0, '-1'),
(83168, 10, 0, -1, -1, 4, 5, 2, 0, 0, 0, '-1'),
(83169, 10, 0, -1, -1, 5, 6, 2, 0, 0, 0, '-1'),
(83170, 10, 0, -1, -1, 6, 7, 2, 0, 0, 0, '-1'),
(83171, 10, 0, -1, -1, 7, 8, 2, 0, 0, 0, '-1'),
(83172, 10, 0, -1, -1, 8, 9, 2, 0, 0, 0, '-1'),
(83173, 10, 0, -1, -1, 9, 10, 2, 0, 0, 0, '-1'),
(83174, 10, 0, -1, -1, 10, 11, 2, 0, 0, 0, '-1'),
(83175, 10, 0, -1, -1, 11, 12, 2, 0, 0, 0, '-1'),
(83176, 10, 0, -1, -1, 12, 13, 2, 0, 0, 0, '-1'),
(83177, 11, 0, -1, -1, 1, 2, 2, 0, 0, 0, '-1'),
(83178, 11, 0, -1, -1, 2, 3, 2, 0, 0, 0, '-1'),
(83179, 11, 0, -1, -1, 3, 4, 2, 0, 0, 0, '-1'),
(83180, 11, 0, -1, -1, 4, 5, 2, 0, 0, 0, '-1'),
(83181, 11, 0, 4, 14, 5, 6, 2, 0, 0, 0, '31'),
(83182, 11, 0, -1, -1, 6, 7, 2, 0, 0, 0, '-1'),
(83183, 11, 0, -1, -1, 7, 8, 2, 0, 0, 0, '-1'),
(83184, 11, 0, -1, -1, 8, 9, 2, 0, 0, 0, '-1'),
(83185, 11, 0, -1, -1, 9, 10, 2, 0, 0, 0, '-1'),
(83186, 11, 0, -1, -1, 10, 11, 2, 0, 0, 0, '-1'),
(83187, 11, 0, 11, 13, 11, 12, 2, 0, 0, 0, '13'),
(83188, 11, 0, -1, -1, 12, 13, 2, 0, 0, 0, '-1'),
(83189, 1, 0, -1, -1, 1, 2, 3, 0, 0, 0, '-1'),
(83190, 1, 0, -1, -1, 2, 3, 3, 0, 0, 0, '-1'),
(83191, 1, 0, -1, -1, 3, 4, 3, 0, 0, 0, '-1'),
(83192, 1, 0, -1, -1, 4, 5, 3, 0, 0, 0, '-1'),
(83193, 1, 0, -1, -1, 5, 6, 3, 0, 0, 0, '-1'),
(83194, 1, 0, -1, -1, 6, 7, 3, 0, 0, 0, '-1'),
(83195, 1, 0, -1, -1, 7, 8, 3, 0, 0, 0, '-1'),
(83196, 1, 0, -1, -1, 8, 9, 3, 0, 0, 0, '-1'),
(83197, 1, 0, -1, -1, 9, 10, 3, 0, 0, 0, '-1'),
(83198, 1, 0, -1, -1, 10, 11, 3, 0, 0, 0, '-1'),
(83199, 1, 0, 6, 16, 11, 12, 3, 0, 0, 0, '21'),
(83200, 1, 0, -1, -1, 12, 13, 3, 0, 0, 0, '-1'),
(83201, 2, 0, -1, -1, 1, 2, 3, 0, 0, 0, '-1'),
(83202, 2, 0, -1, -1, 2, 3, 3, 0, 0, 0, '-1'),
(83203, 2, 0, -1, -1, 3, 4, 3, 0, 0, 0, '-1'),
(83204, 2, 0, -1, -1, 4, 5, 3, 0, 0, 0, '-1'),
(83205, 2, 0, -1, -1, 5, 6, 3, 0, 0, 0, '-1'),
(83206, 2, 0, -1, -1, 6, 7, 3, 0, 0, 0, '-1'),
(83207, 2, 0, -1, -1, 7, 8, 3, 0, 0, 0, '-1'),
(83208, 2, 0, -1, -1, 8, 9, 3, 0, 0, 0, '-1'),
(83209, 2, 0, -1, -1, 9, 10, 3, 0, 0, 0, '-1'),
(83210, 2, 0, 10, 5, 10, 11, 3, 0, 0, 0, '3'),
(83211, 2, 0, 3, 13, 11, 12, 3, 0, 0, 0, '31'),
(83212, 2, 0, -1, -1, 12, 13, 3, 0, 0, 0, '-1'),
(83213, 3, 0, -1, -1, 1, 2, 3, 0, 0, 0, '-1'),
(83214, 3, 0, 11, 13, 2, 3, 3, 0, 0, 0, '13'),
(83215, 3, 0, -1, -1, 3, 4, 3, 0, 0, 0, '-1'),
(83216, 3, 0, -1, -1, 4, 5, 3, 0, 0, 0, '-1'),
(83217, 3, 0, -1, -1, 5, 6, 3, 0, 0, 0, '-1'),
(83218, 3, 0, -1, -1, 6, 7, 3, 0, 0, 0, '-1'),
(83219, 3, 0, -1, -1, 7, 8, 3, 0, 0, 0, '-1'),
(83220, 3, 0, -1, -1, 8, 9, 3, 0, 0, 0, '-1'),
(83221, 3, 0, -1, -1, 9, 10, 3, 0, 0, 0, '-1'),
(83222, 3, 0, -1, -1, 10, 11, 3, 0, 0, 0, '-1'),
(83223, 3, 0, -1, -1, 11, 12, 3, 0, 0, 0, '-1'),
(83224, 3, 0, -1, -1, 12, 13, 3, 0, 0, 0, '-1'),
(83225, 4, 0, -1, -1, 1, 2, 3, 0, 0, 0, '-1'),
(83226, 4, 0, -1, -1, 2, 3, 3, 0, 0, 0, '-1'),
(83227, 4, 0, -1, -1, 3, 4, 3, 0, 0, 0, '-1'),
(83228, 4, 0, -1, -1, 4, 5, 3, 0, 0, 0, '-1'),
(83229, 4, 0, -1, -1, 5, 6, 3, 0, 0, 0, '-1'),
(83230, 4, 0, -1, -1, 6, 7, 3, 0, 0, 0, '-1'),
(83231, 4, 0, -1, -1, 7, 8, 3, 0, 0, 0, '-1'),
(83232, 4, 0, -1, -1, 8, 9, 3, 0, 0, 0, '-1'),
(83233, 4, 0, -1, -1, 9, 10, 3, 0, 0, 0, '-1'),
(83234, 4, 0, -1, -1, 10, 11, 3, 0, 0, 0, '-1'),
(83235, 4, 0, -1, -1, 11, 12, 3, 0, 0, 0, '-1'),
(83236, 4, 0, -1, -1, 12, 13, 3, 0, 0, 0, '-1'),
(83237, 5, 0, -1, -1, 1, 2, 3, 0, 0, 0, '-1'),
(83238, 5, 0, -1, -1, 2, 3, 3, 0, 0, 0, '-1'),
(83239, 5, 0, -1, -1, 3, 4, 3, 0, 0, 0, '-1'),
(83240, 5, 0, -1, -1, 4, 5, 3, 0, 0, 0, '-1'),
(83241, 5, 0, -1, -1, 5, 6, 3, 0, 0, 0, '-1'),
(83242, 5, 0, -1, -1, 6, 7, 3, 0, 0, 0, '-1'),
(83243, 5, 0, -1, -1, 7, 8, 3, 0, 0, 0, '-1'),
(83244, 5, 0, -1, -1, 8, 9, 3, 0, 0, 0, '-1'),
(83245, 5, 0, -1, -1, 9, 10, 3, 0, 0, 0, '-1'),
(83246, 5, 0, -1, -1, 10, 11, 3, 0, 0, 0, '-1'),
(83247, 5, 0, -1, -1, 11, 12, 3, 0, 0, 0, '-1'),
(83248, 5, 0, -1, -1, 12, 13, 3, 0, 0, 0, '-1'),
(83249, 6, 0, -1, -1, 1, 2, 3, 0, 0, 0, '-1'),
(83250, 6, 0, -1, -1, 2, 3, 3, 0, 0, 0, '-1'),
(83251, 6, 0, -1, -1, 3, 4, 3, 0, 0, 0, '-1'),
(83252, 6, 0, -1, -1, 4, 5, 3, 0, 0, 0, '-1'),
(83253, 6, 0, 4, 14, 5, 6, 3, 0, 0, 0, '31'),
(83254, 6, 0, -1, -1, 6, 7, 3, 0, 0, 0, '-1'),
(83255, 6, 0, -1, -1, 7, 8, 3, 0, 0, 0, '-1'),
(83256, 6, 0, 2, 12, 8, 9, 3, 0, 0, 0, '41'),
(83257, 6, 0, 6, 16, 9, 10, 3, 0, 0, 0, '21'),
(83258, 6, 0, -1, -1, 10, 11, 3, 0, 0, 0, '-1'),
(83259, 6, 0, -1, -1, 11, 12, 3, 0, 0, 0, '-1'),
(83260, 6, 0, -1, -1, 12, 13, 3, 0, 0, 0, '-1'),
(83261, 7, 0, -1, -1, 1, 2, 3, 0, 0, 0, '-1'),
(83262, 7, 0, -1, -1, 2, 3, 3, 0, 0, 0, '-1'),
(83263, 7, 0, -1, -1, 3, 4, 3, 0, 0, 0, '-1'),
(83264, 7, 0, -1, -1, 4, 5, 3, 0, 0, 0, '-1'),
(83265, 7, 0, 11, 13, 5, 6, 3, 0, 0, 0, '13'),
(83266, 7, 0, 9, 1, 6, 7, 3, 0, 0, 0, '2'),
(83267, 7, 0, -1, -1, 7, 8, 3, 0, 0, 0, '-1'),
(83268, 7, 0, -1, -1, 8, 9, 3, 0, 0, 0, '-1'),
(83269, 7, 0, -1, -1, 9, 10, 3, 0, 0, 0, '-1'),
(83270, 7, 0, -1, -1, 10, 11, 3, 0, 0, 0, '-1'),
(83271, 7, 0, -1, -1, 11, 12, 3, 0, 0, 0, '-1'),
(83272, 7, 0, -1, -1, 12, 13, 3, 0, 0, 0, '-1'),
(83273, 8, 0, -1, -1, 1, 2, 3, 0, 0, 0, '-1'),
(83274, 8, 0, -1, -1, 2, 3, 3, 0, 0, 0, '-1'),
(83275, 8, 0, -1, -1, 3, 4, 3, 0, 0, 0, '-1'),
(83276, 8, 0, -1, -1, 4, 5, 3, 0, 0, 0, '-1'),
(83277, 8, 0, -1, -1, 5, 6, 3, 0, 0, 0, '-1'),
(83278, 8, 0, -1, -1, 6, 7, 3, 0, 0, 0, '-1'),
(83279, 8, 0, -1, -1, 7, 8, 3, 0, 0, 0, '-1'),
(83280, 8, 0, -1, -1, 8, 9, 3, 0, 0, 0, '-1'),
(83281, 8, 0, -1, -1, 9, 10, 3, 0, 0, 0, '-1'),
(83282, 8, 0, -1, -1, 10, 11, 3, 0, 0, 0, '-1'),
(83283, 8, 0, -1, -1, 11, 12, 3, 0, 0, 0, '-1'),
(83284, 8, 0, -1, -1, 12, 13, 3, 0, 0, 0, '-1'),
(83285, 9, 0, -1, -1, 1, 2, 3, 0, 0, 0, '-1'),
(83286, 9, 0, -1, -1, 2, 3, 3, 0, 0, 0, '-1'),
(83287, 9, 0, -1, -1, 3, 4, 3, 0, 0, 0, '-1'),
(83288, 9, 0, -1, -1, 4, 5, 3, 0, 0, 0, '-1'),
(83289, 9, 0, -1, -1, 5, 6, 3, 0, 0, 0, '-1'),
(83290, 9, 0, -1, -1, 6, 7, 3, 0, 0, 0, '-1'),
(83291, 9, 0, -1, -1, 7, 8, 3, 0, 0, 0, '-1'),
(83292, 9, 0, -1, -1, 8, 9, 3, 0, 0, 0, '-1'),
(83293, 9, 0, -1, -1, 9, 10, 3, 0, 0, 0, '-1'),
(83294, 9, 0, -1, -1, 10, 11, 3, 0, 0, 0, '-1'),
(83295, 9, 0, -1, -1, 11, 12, 3, 0, 0, 0, '-1'),
(83296, 9, 0, -1, -1, 12, 13, 3, 0, 0, 0, '-1'),
(83297, 10, 0, -1, -1, 1, 2, 3, 0, 0, 0, '-1'),
(83298, 10, 0, -1, -1, 2, 3, 3, 0, 0, 0, '-1'),
(83299, 10, 0, -1, -1, 3, 4, 3, 0, 0, 0, '-1'),
(83300, 10, 0, -1, -1, 4, 5, 3, 0, 0, 0, '-1'),
(83301, 10, 0, -1, -1, 5, 6, 3, 0, 0, 0, '-1'),
(83302, 10, 0, -1, -1, 6, 7, 3, 0, 0, 0, '-1'),
(83303, 10, 0, -1, -1, 7, 8, 3, 0, 0, 0, '-1'),
(83304, 10, 0, -1, -1, 8, 9, 3, 0, 0, 0, '-1'),
(83305, 10, 0, -1, -1, 9, 10, 3, 0, 0, 0, '-1'),
(83306, 10, 0, -1, -1, 10, 11, 3, 0, 0, 0, '-1'),
(83307, 10, 0, -1, -1, 11, 12, 3, 0, 0, 0, '-1'),
(83308, 10, 0, -1, -1, 12, 13, 3, 0, 0, 0, '-1'),
(83309, 11, 0, -1, -1, 1, 2, 3, 0, 0, 0, '-1'),
(83310, 11, 0, -1, -1, 2, 3, 3, 0, 0, 0, '-1'),
(83311, 11, 0, -1, -1, 3, 4, 3, 0, 0, 0, '-1'),
(83312, 11, 0, -1, -1, 4, 5, 3, 0, 0, 0, '-1'),
(83313, 11, 0, -1, -1, 5, 6, 3, 0, 0, 0, '-1'),
(83314, 11, 0, -1, -1, 6, 7, 3, 0, 0, 0, '-1'),
(83315, 11, 0, -1, -1, 7, 8, 3, 0, 0, 0, '-1'),
(83316, 11, 0, -1, -1, 8, 9, 3, 0, 0, 0, '-1'),
(83317, 11, 0, -1, -1, 9, 10, 3, 0, 0, 0, '-1'),
(83318, 11, 0, -1, -1, 10, 11, 3, 0, 0, 0, '-1'),
(83319, 11, 0, -1, -1, 11, 12, 3, 0, 0, 0, '-1'),
(83320, 11, 0, -1, -1, 12, 13, 3, 0, 0, 0, '-1'),
(83321, 1, 0, -1, -1, 1, 2, 4, 0, 0, 0, '-1'),
(83322, 1, 0, -1, -1, 2, 3, 4, 0, 0, 0, '-1'),
(83323, 1, 0, -1, -1, 3, 4, 4, 0, 0, 0, '-1'),
(83324, 1, 0, -1, -1, 4, 5, 4, 0, 0, 0, '-1'),
(83325, 1, 0, -1, -1, 5, 6, 4, 0, 0, 0, '-1'),
(83326, 1, 0, 14, 14, 6, 7, 4, 0, 0, 0, '24'),
(83327, 1, 0, 7, 7, 7, 8, 4, 0, 0, 0, '6'),
(83328, 1, 0, -1, -1, 8, 9, 4, 0, 0, 0, '-1'),
(83329, 1, 0, -1, -1, 9, 10, 4, 0, 0, 0, '-1'),
(83330, 1, 0, -1, -1, 10, 11, 4, 0, 0, 0, '-1'),
(83331, 1, 0, -1, -1, 11, 12, 4, 0, 0, 0, '-1'),
(83332, 1, 0, -1, -1, 12, 13, 4, 0, 0, 0, '-1'),
(83333, 2, 0, -1, -1, 1, 2, 4, 0, 0, 0, '-1'),
(83334, 2, 0, -1, -1, 2, 3, 4, 0, 0, 0, '-1'),
(83335, 2, 0, -1, -1, 3, 4, 4, 0, 0, 0, '-1'),
(83336, 2, 0, -1, -1, 4, 5, 4, 0, 0, 0, '-1'),
(83337, 2, 0, -1, -1, 5, 6, 4, 0, 0, 0, '-1'),
(83338, 2, 0, -1, -1, 6, 7, 4, 0, 0, 0, '-1'),
(83339, 2, 0, -1, -1, 7, 8, 4, 0, 0, 0, '-1'),
(83340, 2, 0, -1, -1, 8, 9, 4, 0, 0, 0, '-1'),
(83341, 2, 0, -1, -1, 9, 10, 4, 0, 0, 0, '-1'),
(83342, 2, 0, -1, -1, 10, 11, 4, 0, 0, 0, '-1'),
(83343, 2, 0, -1, -1, 11, 12, 4, 0, 0, 0, '-1'),
(83344, 2, 0, -1, -1, 12, 13, 4, 0, 0, 0, '-1'),
(83345, 3, 0, -1, -1, 1, 2, 4, 0, 0, 0, '-1'),
(83346, 3, 0, -1, -1, 2, 3, 4, 0, 0, 0, '-1'),
(83347, 3, 0, -1, -1, 3, 4, 4, 0, 0, 0, '-1'),
(83348, 3, 0, 12, 16, 4, 5, 4, 0, 0, 0, '22'),
(83349, 3, 0, -1, -1, 5, 6, 4, 0, 0, 0, '-1'),
(83350, 3, 0, -1, -1, 6, 7, 4, 0, 0, 0, '-1'),
(83351, 3, 0, -1, -1, 7, 8, 4, 0, 0, 0, '-1'),
(83352, 3, 0, -1, -1, 8, 9, 4, 0, 0, 0, '-1'),
(83353, 3, 0, -1, -1, 9, 10, 4, 0, 0, 0, '-1'),
(83354, 3, 0, -1, -1, 10, 11, 4, 0, 0, 0, '-1'),
(83355, 3, 0, -1, -1, 11, 12, 4, 0, 0, 0, '-1'),
(83356, 3, 0, -1, -1, 12, 13, 4, 0, 0, 0, '-1'),
(83357, 4, 0, -1, -1, 1, 2, 4, 0, 0, 0, '-1'),
(83358, 4, 0, -1, -1, 2, 3, 4, 0, 0, 0, '-1'),
(83359, 4, 0, -1, -1, 3, 4, 4, 0, 0, 0, '-1'),
(83360, 4, 0, -1, -1, 4, 5, 4, 0, 0, 0, '-1'),
(83361, 4, 0, -1, -1, 5, 6, 4, 0, 0, 0, '-1'),
(83362, 4, 0, -1, -1, 6, 7, 4, 0, 0, 0, '-1'),
(83363, 4, 0, -1, -1, 7, 8, 4, 0, 0, 0, '-1'),
(83364, 4, 0, -1, -1, 8, 9, 4, 0, 0, 0, '-1'),
(83365, 4, 0, -1, -1, 9, 10, 4, 0, 0, 0, '-1'),
(83366, 4, 0, -1, -1, 10, 11, 4, 0, 0, 0, '-1'),
(83367, 4, 0, -1, -1, 11, 12, 4, 0, 0, 0, '-1'),
(83368, 4, 0, -1, -1, 12, 13, 4, 0, 0, 0, '-1'),
(83369, 5, 0, -1, -1, 1, 2, 4, 0, 0, 0, '-1'),
(83370, 5, 0, -1, -1, 2, 3, 4, 0, 0, 0, '-1'),
(83371, 5, 0, -1, -1, 3, 4, 4, 0, 0, 0, '-1'),
(83372, 5, 0, -1, -1, 4, 5, 4, 0, 0, 0, '-1'),
(83373, 5, 0, -1, -1, 5, 6, 4, 0, 0, 0, '-1'),
(83374, 5, 0, -1, -1, 6, 7, 4, 0, 0, 0, '-1'),
(83375, 5, 0, -1, -1, 7, 8, 4, 0, 0, 0, '-1'),
(83376, 5, 0, -1, -1, 8, 9, 4, 0, 0, 0, '-1'),
(83377, 5, 0, -1, -1, 9, 10, 4, 0, 0, 0, '-1'),
(83378, 5, 0, -1, -1, 10, 11, 4, 0, 0, 0, '-1'),
(83379, 5, 0, -1, -1, 11, 12, 4, 0, 0, 0, '-1'),
(83380, 5, 0, -1, -1, 12, 13, 4, 0, 0, 0, '-1'),
(83381, 6, 0, -1, -1, 1, 2, 4, 0, 0, 0, '-1'),
(83382, 6, 0, -1, -1, 2, 3, 4, 0, 0, 0, '-1'),
(83383, 6, 0, -1, -1, 3, 4, 4, 0, 0, 0, '-1'),
(83384, 6, 0, -1, -1, 4, 5, 4, 0, 0, 0, '-1'),
(83385, 6, 0, -1, -1, 5, 6, 4, 0, 0, 0, '-1'),
(83386, 6, 0, -1, -1, 6, 7, 4, 0, 0, 0, '-1'),
(83387, 6, 0, -1, -1, 7, 8, 4, 0, 0, 0, '-1'),
(83388, 6, 0, -1, -1, 8, 9, 4, 0, 0, 0, '-1'),
(83389, 6, 0, -1, -1, 9, 10, 4, 0, 0, 0, '-1'),
(83390, 6, 0, -1, -1, 10, 11, 4, 0, 0, 0, '-1'),
(83391, 6, 0, -1, -1, 11, 12, 4, 0, 0, 0, '-1'),
(83392, 6, 0, -1, -1, 12, 13, 4, 0, 0, 0, '-1'),
(83393, 7, 0, -1, -1, 1, 2, 4, 0, 0, 0, '-1'),
(83394, 7, 0, 6, 16, 2, 3, 4, 0, 0, 0, '21'),
(83395, 7, 0, -1, -1, 3, 4, 4, 0, 0, 0, '-1'),
(83396, 7, 0, -1, -1, 4, 5, 4, 0, 0, 0, '-1'),
(83397, 7, 0, -1, -1, 5, 6, 4, 0, 0, 0, '-1'),
(83398, 7, 0, -1, -1, 6, 7, 4, 0, 0, 0, '-1'),
(83399, 7, 0, 10, 5, 7, 8, 4, 0, 0, 0, '3'),
(83400, 7, 0, -1, -1, 8, 9, 4, 0, 0, 0, '-1'),
(83401, 7, 0, -1, -1, 9, 10, 4, 0, 0, 0, '-1'),
(83402, 7, 0, -1, -1, 10, 11, 4, 0, 0, 0, '-1'),
(83403, 7, 0, -1, -1, 11, 12, 4, 0, 0, 0, '-1'),
(83404, 7, 0, -1, -1, 12, 13, 4, 0, 0, 0, '-1'),
(83405, 8, 0, -1, -1, 1, 2, 4, 0, 0, 0, '-1'),
(83406, 8, 0, -1, -1, 2, 3, 4, 0, 0, 0, '-1'),
(83407, 8, 0, -1, -1, 3, 4, 4, 0, 0, 0, '-1'),
(83408, 8, 0, -1, -1, 4, 5, 4, 0, 0, 0, '-1'),
(83409, 8, 0, -1, -1, 5, 6, 4, 0, 0, 0, '-1'),
(83410, 8, 0, -1, -1, 6, 7, 4, 0, 0, 0, '-1'),
(83411, 8, 0, -1, -1, 7, 8, 4, 0, 0, 0, '-1'),
(83412, 8, 0, -1, -1, 8, 9, 4, 0, 0, 0, '-1'),
(83413, 8, 0, -1, -1, 9, 10, 4, 0, 0, 0, '-1'),
(83414, 8, 0, -1, -1, 10, 11, 4, 0, 0, 0, '-1'),
(83415, 8, 0, -1, -1, 11, 12, 4, 0, 0, 0, '-1'),
(83416, 8, 0, -1, -1, 12, 13, 4, 0, 0, 0, '-1'),
(83417, 9, 0, -1, -1, 1, 2, 4, 0, 0, 0, '-1'),
(83418, 9, 0, -1, -1, 2, 3, 4, 0, 0, 0, '-1'),
(83419, 9, 0, -1, -1, 3, 4, 4, 0, 0, 0, '-1'),
(83420, 9, 0, -1, -1, 4, 5, 4, 0, 0, 0, '-1'),
(83421, 9, 0, -1, -1, 5, 6, 4, 0, 0, 0, '-1'),
(83422, 9, 0, -1, -1, 6, 7, 4, 0, 0, 0, '-1'),
(83423, 9, 0, -1, -1, 7, 8, 4, 0, 0, 0, '-1'),
(83424, 9, 0, -1, -1, 8, 9, 4, 0, 0, 0, '-1'),
(83425, 9, 0, -1, -1, 9, 10, 4, 0, 0, 0, '-1'),
(83426, 9, 0, -1, -1, 10, 11, 4, 0, 0, 0, '-1'),
(83427, 9, 0, -1, -1, 11, 12, 4, 0, 0, 0, '-1'),
(83428, 9, 0, -1, -1, 12, 13, 4, 0, 0, 0, '-1'),
(83429, 10, 0, -1, -1, 1, 2, 4, 0, 0, 0, '-1'),
(83430, 10, 0, -1, -1, 2, 3, 4, 0, 0, 0, '-1'),
(83431, 10, 0, -1, -1, 3, 4, 4, 0, 0, 0, '-1'),
(83432, 10, 0, -1, -1, 4, 5, 4, 0, 0, 0, '-1'),
(83433, 10, 0, -1, -1, 5, 6, 4, 0, 0, 0, '-1'),
(83434, 10, 0, -1, -1, 6, 7, 4, 0, 0, 0, '-1'),
(83435, 10, 0, -1, -1, 7, 8, 4, 0, 0, 0, '-1'),
(83436, 10, 0, -1, -1, 8, 9, 4, 0, 0, 0, '-1'),
(83437, 10, 0, 14, 14, 9, 10, 4, 0, 0, 0, '24'),
(83438, 10, 0, -1, -1, 10, 11, 4, 0, 0, 0, '-1'),
(83439, 10, 0, -1, -1, 11, 12, 4, 0, 0, 0, '-1'),
(83440, 10, 0, -1, -1, 12, 13, 4, 0, 0, 0, '-1'),
(83441, 11, 0, -1, -1, 1, 2, 4, 0, 0, 0, '-1'),
(83442, 11, 0, -1, -1, 2, 3, 4, 0, 0, 0, '-1'),
(83443, 11, 0, 3, 13, 3, 4, 4, 0, 0, 0, '31'),
(83444, 11, 0, -1, -1, 4, 5, 4, 0, 0, 0, '-1'),
(83445, 11, 0, -1, -1, 5, 6, 4, 0, 0, 0, '-1'),
(83446, 11, 0, -1, -1, 6, 7, 4, 0, 0, 0, '-1'),
(83447, 11, 0, -1, -1, 7, 8, 4, 0, 0, 0, '-1'),
(83448, 11, 0, -1, -1, 8, 9, 4, 0, 0, 0, '-1'),
(83449, 11, 0, -1, -1, 9, 10, 4, 0, 0, 0, '-1'),
(83450, 11, 0, -1, -1, 10, 11, 4, 0, 0, 0, '-1'),
(83451, 11, 0, -1, -1, 11, 12, 4, 0, 0, 0, '-1'),
(83452, 11, 0, -1, -1, 12, 13, 4, 0, 0, 0, '-1'),
(83453, 1, 0, -1, -1, 1, 2, 5, 0, 0, 0, '-1'),
(83454, 1, 0, -1, -1, 2, 3, 5, 0, 0, 0, '-1'),
(83455, 1, 0, -1, -1, 3, 4, 5, 0, 0, 0, '-1'),
(83456, 1, 0, -1, -1, 4, 5, 5, 0, 0, 0, '-1'),
(83457, 1, 0, -1, -1, 5, 6, 5, 0, 0, 0, '-1'),
(83458, 1, 0, -1, -1, 6, 7, 5, 0, 0, 0, '-1'),
(83459, 1, 0, -1, -1, 7, 8, 5, 0, 0, 0, '-1'),
(83460, 1, 0, -1, -1, 8, 9, 5, 0, 0, 0, '-1'),
(83461, 1, 0, -1, -1, 9, 10, 5, 0, 0, 0, '-1'),
(83462, 1, 0, -1, -1, 10, 11, 5, 0, 0, 0, '-1'),
(83463, 1, 0, -1, -1, 11, 12, 5, 0, 0, 0, '-1'),
(83464, 1, 0, 13, 15, 12, 13, 5, 0, 0, 0, '22'),
(83465, 2, 0, -1, -1, 1, 2, 5, 0, 0, 0, '-1'),
(83466, 2, 0, -1, -1, 2, 3, 5, 0, 0, 0, '-1'),
(83467, 2, 0, -1, -1, 3, 4, 5, 0, 0, 0, '-1'),
(83468, 2, 0, -1, -1, 4, 5, 5, 0, 0, 0, '-1'),
(83469, 2, 0, -1, -1, 5, 6, 5, 0, 0, 0, '-1'),
(83470, 2, 0, -1, -1, 6, 7, 5, 0, 0, 0, '-1'),
(83471, 2, 0, -1, -1, 7, 8, 5, 0, 0, 0, '-1'),
(83472, 2, 0, -1, -1, 8, 9, 5, 0, 0, 0, '-1'),
(83473, 2, 0, -1, -1, 9, 10, 5, 0, 0, 0, '-1'),
(83474, 2, 0, -1, -1, 10, 11, 5, 0, 0, 0, '-1'),
(83475, 2, 0, -1, -1, 11, 12, 5, 0, 0, 0, '-1'),
(83476, 2, 0, -1, -1, 12, 13, 5, 0, 0, 0, '-1'),
(83477, 3, 0, -1, -1, 1, 2, 5, 0, 0, 0, '-1'),
(83478, 3, 0, -1, -1, 2, 3, 5, 0, 0, 0, '-1'),
(83479, 3, 0, -1, -1, 3, 4, 5, 0, 0, 0, '-1'),
(83480, 3, 0, -1, -1, 4, 5, 5, 0, 0, 0, '-1'),
(83481, 3, 0, -1, -1, 5, 6, 5, 0, 0, 0, '-1'),
(83482, 3, 0, -1, -1, 6, 7, 5, 0, 0, 0, '-1'),
(83483, 3, 0, -1, -1, 7, 8, 5, 0, 0, 0, '-1'),
(83484, 3, 0, -1, -1, 8, 9, 5, 0, 0, 0, '-1'),
(83485, 3, 0, -1, -1, 9, 10, 5, 0, 0, 0, '-1'),
(83486, 3, 0, -1, -1, 10, 11, 5, 0, 0, 0, '-1'),
(83487, 3, 0, -1, -1, 11, 12, 5, 0, 0, 0, '-1'),
(83488, 3, 0, -1, -1, 12, 13, 5, 0, 0, 0, '-1'),
(83489, 4, 0, -1, -1, 1, 2, 5, 0, 0, 0, '-1'),
(83490, 4, 0, -1, -1, 2, 3, 5, 0, 0, 0, '-1'),
(83491, 4, 0, -1, -1, 3, 4, 5, 0, 0, 0, '-1'),
(83492, 4, 0, -1, -1, 4, 5, 5, 0, 0, 0, '-1'),
(83493, 4, 0, -1, -1, 5, 6, 5, 0, 0, 0, '-1'),
(83494, 4, 0, -1, -1, 6, 7, 5, 0, 0, 0, '-1'),
(83495, 4, 0, -1, -1, 7, 8, 5, 0, 0, 0, '-1'),
(83496, 4, 0, -1, -1, 8, 9, 5, 0, 0, 0, '-1'),
(83497, 4, 0, -1, -1, 9, 10, 5, 0, 0, 0, '-1'),
(83498, 4, 0, -1, -1, 10, 11, 5, 0, 0, 0, '-1'),
(83499, 4, 0, -1, -1, 11, 12, 5, 0, 0, 0, '-1'),
(83500, 4, 0, -1, -1, 12, 13, 5, 0, 0, 0, '-1'),
(83501, 5, 0, -1, -1, 1, 2, 5, 0, 0, 0, '-1'),
(83502, 5, 0, -1, -1, 2, 3, 5, 0, 0, 0, '-1'),
(83503, 5, 0, -1, -1, 3, 4, 5, 0, 0, 0, '-1'),
(83504, 5, 0, -1, -1, 4, 5, 5, 0, 0, 0, '-1'),
(83505, 5, 0, -1, -1, 5, 6, 5, 0, 0, 0, '-1'),
(83506, 5, 0, -1, -1, 6, 7, 5, 0, 0, 0, '-1'),
(83507, 5, 0, -1, -1, 7, 8, 5, 0, 0, 0, '-1'),
(83508, 5, 0, -1, -1, 8, 9, 5, 0, 0, 0, '-1'),
(83509, 5, 0, -1, -1, 9, 10, 5, 0, 0, 0, '-1'),
(83510, 5, 0, 10, 5, 10, 11, 5, 0, 0, 0, '3'),
(83511, 5, 0, 7, 7, 11, 12, 5, 0, 0, 0, '6'),
(83512, 5, 0, -1, -1, 12, 13, 5, 0, 0, 0, '-1'),
(83513, 6, 0, -1, -1, 1, 2, 5, 0, 0, 0, '-1'),
(83514, 6, 0, -1, -1, 2, 3, 5, 0, 0, 0, '-1'),
(83515, 6, 0, -1, -1, 3, 4, 5, 0, 0, 0, '-1'),
(83516, 6, 0, -1, -1, 4, 5, 5, 0, 0, 0, '-1'),
(83517, 6, 0, -1, -1, 5, 6, 5, 0, 0, 0, '-1'),
(83518, 6, 0, -1, -1, 6, 7, 5, 0, 0, 0, '-1'),
(83519, 6, 0, 8, 2, 7, 8, 5, 0, 0, 0, '1'),
(83520, 6, 0, -1, -1, 8, 9, 5, 0, 0, 0, '-1'),
(83521, 6, 0, -1, -1, 9, 10, 5, 0, 0, 0, '-1'),
(83522, 6, 0, -1, -1, 10, 11, 5, 0, 0, 0, '-1'),
(83523, 6, 0, -1, -1, 11, 12, 5, 0, 0, 0, '-1'),
(83524, 6, 0, -1, -1, 12, 13, 5, 0, 0, 0, '-1'),
(83525, 7, 0, -1, -1, 1, 2, 5, 0, 0, 0, '-1'),
(83526, 7, 0, -1, -1, 2, 3, 5, 0, 0, 0, '-1'),
(83527, 7, 0, -1, -1, 3, 4, 5, 0, 0, 0, '-1'),
(83528, 7, 0, -1, -1, 4, 5, 5, 0, 0, 0, '-1'),
(83529, 7, 0, -1, -1, 5, 6, 5, 0, 0, 0, '-1'),
(83530, 7, 0, -1, -1, 6, 7, 5, 0, 0, 0, '-1'),
(83531, 7, 0, -1, -1, 7, 8, 5, 0, 0, 0, '-1'),
(83532, 7, 0, -1, -1, 8, 9, 5, 0, 0, 0, '-1'),
(83533, 7, 0, -1, -1, 9, 10, 5, 0, 0, 0, '-1'),
(83534, 7, 0, -1, -1, 10, 11, 5, 0, 0, 0, '-1'),
(83535, 7, 0, -1, -1, 11, 12, 5, 0, 0, 0, '-1'),
(83536, 7, 0, -1, -1, 12, 13, 5, 0, 0, 0, '-1'),
(83537, 8, 0, -1, -1, 1, 2, 5, 0, 0, 0, '-1'),
(83538, 8, 0, -1, -1, 2, 3, 5, 0, 0, 0, '-1'),
(83539, 8, 0, 15, 13, 3, 4, 5, 0, 0, 0, '23'),
(83540, 8, 0, -1, -1, 4, 5, 5, 0, 0, 0, '-1'),
(83541, 8, 0, -1, -1, 5, 6, 5, 0, 0, 0, '-1'),
(83542, 8, 0, -1, -1, 6, 7, 5, 0, 0, 0, '-1'),
(83543, 8, 0, -1, -1, 7, 8, 5, 0, 0, 0, '-1'),
(83544, 8, 0, -1, -1, 8, 9, 5, 0, 0, 0, '-1'),
(83545, 8, 0, 5, 15, 9, 10, 5, 0, 0, 0, '12'),
(83546, 8, 0, -1, -1, 10, 11, 5, 0, 0, 0, '-1'),
(83547, 8, 0, -1, -1, 11, 12, 5, 0, 0, 0, '-1'),
(83548, 8, 0, 10, 5, 12, 13, 5, 0, 0, 0, '3'),
(83549, 9, 0, -1, -1, 1, 2, 5, 0, 0, 0, '-1'),
(83550, 9, 0, -1, -1, 2, 3, 5, 0, 0, 0, '-1'),
(83551, 9, 0, -1, -1, 3, 4, 5, 0, 0, 0, '-1'),
(83552, 9, 0, -1, -1, 4, 5, 5, 0, 0, 0, '-1'),
(83553, 9, 0, -1, -1, 5, 6, 5, 0, 0, 0, '-1'),
(83554, 9, 0, 1, 4, 6, 7, 5, 0, 0, 0, '11'),
(83555, 9, 0, -1, -1, 7, 8, 5, 0, 0, 0, '-1'),
(83556, 9, 0, -1, -1, 8, 9, 5, 0, 0, 0, '-1'),
(83557, 9, 0, -1, -1, 9, 10, 5, 0, 0, 0, '-1'),
(83558, 9, 0, -1, -1, 10, 11, 5, 0, 0, 0, '-1'),
(83559, 9, 0, -1, -1, 11, 12, 5, 0, 0, 0, '-1'),
(83560, 9, 0, -1, -1, 12, 13, 5, 0, 0, 0, '-1'),
(83561, 10, 0, -1, -1, 1, 2, 5, 0, 0, 0, '-1'),
(83562, 10, 0, -1, -1, 2, 3, 5, 0, 0, 0, '-1'),
(83563, 10, 0, -1, -1, 3, 4, 5, 0, 0, 0, '-1'),
(83564, 10, 0, -1, -1, 4, 5, 5, 0, 0, 0, '-1'),
(83565, 10, 0, -1, -1, 5, 6, 5, 0, 0, 0, '-1'),
(83566, 10, 0, -1, -1, 6, 7, 5, 0, 0, 0, '-1'),
(83567, 10, 0, -1, -1, 7, 8, 5, 0, 0, 0, '-1'),
(83568, 10, 0, -1, -1, 8, 9, 5, 0, 0, 0, '-1'),
(83569, 10, 0, 10, 5, 9, 10, 5, 0, 0, 0, '3'),
(83570, 10, 0, -1, -1, 10, 11, 5, 0, 0, 0, '-1'),
(83571, 10, 0, -1, -1, 11, 12, 5, 0, 0, 0, '-1'),
(83572, 10, 0, -1, -1, 12, 13, 5, 0, 0, 0, '-1'),
(83573, 11, 0, -1, -1, 1, 2, 5, 0, 0, 0, '-1'),
(83574, 11, 0, -1, -1, 2, 3, 5, 0, 0, 0, '-1'),
(83575, 11, 0, -1, -1, 3, 4, 5, 0, 0, 0, '-1'),
(83576, 11, 0, -1, -1, 4, 5, 5, 0, 0, 0, '-1'),
(83577, 11, 0, -1, -1, 5, 6, 5, 0, 0, 0, '-1'),
(83578, 11, 0, -1, -1, 6, 7, 5, 0, 0, 0, '-1'),
(83579, 11, 0, -1, -1, 7, 8, 5, 0, 0, 0, '-1'),
(83580, 11, 0, -1, -1, 8, 9, 5, 0, 0, 0, '-1'),
(83581, 11, 0, -1, -1, 9, 10, 5, 0, 0, 0, '-1'),
(83582, 11, 0, -1, -1, 10, 11, 5, 0, 0, 0, '-1'),
(83583, 11, 0, 11, 13, 11, 12, 5, 0, 0, 0, '13'),
(83584, 11, 0, -1, -1, 12, 13, 5, 0, 0, 0, '-1');

-- --------------------------------------------------------

--
-- Table structure for table `school_yr`
--

CREATE TABLE `school_yr` (
  `year_id` int(10) NOT NULL,
  `school_year` varchar(20) NOT NULL
) ENGINE=InnoDB DEFAULT CHARSET=latin1;

--
-- Dumping data for table `school_yr`
--

INSERT INTO `school_yr` (`year_id`, `school_year`) VALUES
(1, '2009-2010'),
(3, '2010-2011'),
(4, '2011-2012'),
(5, '2012-2013'),
(6, '2015-2016');

-- --------------------------------------------------------

--
-- Table structure for table `sem`
--

CREATE TABLE `sem` (
  `sem_id` int(2) NOT NULL,
  `semester` varchar(20) NOT NULL
) ENGINE=InnoDB DEFAULT CHARSET=latin1;

--
-- Dumping data for table `sem`
--

INSERT INTO `sem` (`sem_id`, `semester`) VALUES
(1, 'First Semester'),
(2, 'Second Semester');

-- --------------------------------------------------------

--
-- Table structure for table `subjects`
--

CREATE TABLE `subjects` (
  `sub_id` int(10) NOT NULL,
  `sub_code` varchar(20) NOT NULL,
  `sub_name` varchar(50) NOT NULL,
  `sub_labhrsprday` tinyint(2) NOT NULL,
  `sub_lechrsprday` tinyint(2) NOT NULL,
  `subcat_id` tinyint(4) NOT NULL,
  `cys` varchar(50) NOT NULL,
  `isNKN` int(20) NOT NULL DEFAULT '0',
  `sem_id` tinyint(2) NOT NULL,
  `dept_id` int(4) NOT NULL,
  `instructor` varchar(50) NOT NULL,
  `group_id` int(5) NOT NULL
) ENGINE=InnoDB DEFAULT CHARSET=latin1;

--
-- Dumping data for table `subjects`
--

INSERT INTO `subjects` (`sub_id`, `sub_code`, `sub_name`, `sub_labhrsprday`, `sub_lechrsprday`, `subcat_id`, `cys`, `isNKN`, `sem_id`, `dept_id`, `instructor`, `group_id`) VALUES
(1, 'CS111', 'PDS', 0, 3, 0, 'something', 0, 1, 1, '4', 11),
(2, 'CS112', 'Discrete Maths', 1, 1, 1, '31', 0, 1, 4, '12', 41),
(3, 'HS111', 'Philippine Government, Politics and Constitution', 3, 3, 1, '13', 1, 1, 3, '13', 31),
(4, 'HS112', 'Humanities', 3, 3, 2, '13', 0, 1, 3, '14', 31),
(5, 'CS229', 'BTP', 1, 3, 2, '0', 0, 2, 1, '15', 12),
(6, 'SS111', 'Structure', 3, 3, 1, '8', 0, 1, 2, '16', 21),
(7, 'CS621', 'Executive Information System', 3, 3, 1, '6', 1, 1, 3, '7', 36),
(8, 'MA111', 'College Algebra', 1, 1, 2, '18', 0, 1, 4, '2', 41),
(9, 'CS223', 'Software Engineering', 3, 3, 1, '6', 0, 1, 1, '1', 12),
(10, 'ME311', 'Practicum', 5, 5, 1, '6', 1, 1, 3, '5', 33),
(11, 'SS321', 'System Project', 5, 5, 1, '6', 0, 1, 1, '13', 13),
(12, 'EE211', 'Ind Techno 3', 2, 1, 1, '31', 0, 1, 2, '16', 22),
(13, 'CS222', 'Personal Productivity using IS', 3, 2, 1, '40', 0, 1, 2, '15', 22),
(14, 'SS411', 'Systems infra and integration	', 0, 3, 1, '40', 0, 1, 2, '14', 24),
(15, 'CS312', 'DBMS	', 3, 2, 1, '42', 0, 1, 2, '13', 23),
(16, 'CS413', 'Multimedia Authoring	', 3, 2, 1, '44', 1, 1, 2, '', 24),
(17, 'CS314', 'IS Programming 1', 3, 2, 1, '44', 0, 1, 2, '12', 23),
(18, 'MA211', 'Mathematical Analysis	', 0, 3, 1, '44', 0, 1, 2, '11', 22),
(19, 'MA311', 'Fundamentals of Accounting 1		', 0, 6, 1, '43', 0, 1, 2, '10', 23),
(20, 'SS421', 'Project Management and Quality Systems	', 0, 3, 1, '44', 1, 1, 2, '9', 24),
(21, 'ME211', 'Maintenance and Services', 0, 3, 1, '45', 0, 1, 2, '8', 22),
(22, 'HS421', 'Evaluation of Business Performance	', 0, 3, 1, '46', 0, 1, 2, '7', 24),
(23, 'HS311', 'IS Elective2', 0, 5, 1, '44', 1, 1, 2, '6', 23),
(24, 'CS311', 'Operating System	', 3, 2, 1, '46', 0, 1, 2, '5', 23),
(25, 'EE411', 'Capstone Project', 0, 3, 1, '45', 0, 1, 2, '4', 24),
(26, 'EE422	', 'IS Elective4 (Effective Serial Comm.)', 0, 3, 1, '47', 1, 1, 2, '3', 24),
(27, 'HS511', 'Introduction to the IM Profession and Ethics', 0, 3, 1, '49', 0, 1, 2, '2', 25),
(28, 'MA121', 'Calculus & Real Analysis', 0, 4, 1, '23', 1, 1, 3, '1', 32);

-- --------------------------------------------------------

--
-- Table structure for table `sub_category`
--

CREATE TABLE `sub_category` (
  `subcat_id` tinyint(2) NOT NULL,
  `sub_cat` varchar(20) NOT NULL
) ENGINE=InnoDB DEFAULT CHARSET=latin1;

--
-- Dumping data for table `sub_category`
--

INSERT INTO `sub_category` (`subcat_id`, `sub_cat`) VALUES
(1, 'Major'),
(2, 'Minor');

-- --------------------------------------------------------

--
-- Table structure for table `timestart`
--

CREATE TABLE `timestart` (
  `time_s_id` int(10) NOT NULL,
  `time_s` varchar(20) NOT NULL
) ENGINE=InnoDB DEFAULT CHARSET=latin1;

--
-- Dumping data for table `timestart`
--

INSERT INTO `timestart` (`time_s_id`, `time_s`) VALUES
(1, '08:00 am'),
(2, '09:00 am'),
(3, '10:00 am'),
(4, '11:00 am'),
(5, '12:00 pm'),
(6, '01:00 pm'),
(7, '02:00 pm'),
(8, '03:00 pm'),
(9, '04:00 pm'),
(10, '05:00 pm'),
(11, '06:00 pm'),
(12, '07:00 pm'),
(13, '08:00 pm');

-- --------------------------------------------------------

--
-- Table structure for table `user`
--

CREATE TABLE `user` (
  `user_id` int(12) NOT NULL,
  `username` varchar(30) NOT NULL,
  `userpass` varchar(20) NOT NULL,
  `dept_id` tinyint(4) NOT NULL,
  `year` int(10) NOT NULL
) ENGINE=InnoDB DEFAULT CHARSET=latin1;

--
-- Dumping data for table `user`
--

INSERT INTO `user` (`user_id`, `username`, `userpass`, `dept_id`, `year`) VALUES
(1, 'admin', 'a', 4, 0),
(7, 'student', 'stud', 2, 1),
(8, 'faculty', 'fac', 1, 0),
(9, 'sas', 'sas', 3, 2),
(10, 'deancit', 'd', 4, 3),
(11, 'deaneduc', 'd', 4, 4),
(12, 'deansas', 'd', 3, 1),
(13, 'staff', 'staff', 4, 2),
(14, 'local', 'local', 4, 3),
(15, 'local', 'local', 1, 4),
(16, 'abc', 'abc', 2, 1),
(17, 'user1', 'user1', 1, 2),
(18, 'avinash', 'av', 1, 3);

--
-- Indexes for dumped tables
--

--
-- Indexes for table `course`
--
ALTER TABLE `course`
  ADD PRIMARY KEY (`course_id`);

--
-- Indexes for table `day`
--
ALTER TABLE `day`
  ADD PRIMARY KEY (`day_id`);

--
-- Indexes for table `dept`
--
ALTER TABLE `dept`
  ADD PRIMARY KEY (`dept_id`);

--
-- Indexes for table `profile`
--
ALTER TABLE `profile`
  ADD PRIMARY KEY (`teacher_id`);

--
-- Indexes for table `room`
--
ALTER TABLE `room`
  ADD PRIMARY KEY (`room_id`);

--
-- Indexes for table `sched`
--
ALTER TABLE `sched`
  ADD PRIMARY KEY (`sched_id`);

--
-- Indexes for table `school_yr`
--
ALTER TABLE `school_yr`
  ADD PRIMARY KEY (`year_id`);

--
-- Indexes for table `sem`
--
ALTER TABLE `sem`
  ADD PRIMARY KEY (`sem_id`);

--
-- Indexes for table `subjects`
--
ALTER TABLE `subjects`
  ADD PRIMARY KEY (`sub_id`);

--
-- Indexes for table `sub_category`
--
ALTER TABLE `sub_category`
  ADD PRIMARY KEY (`subcat_id`);

--
-- Indexes for table `timestart`
--
ALTER TABLE `timestart`
  ADD PRIMARY KEY (`time_s_id`);

--
-- Indexes for table `user`
--
ALTER TABLE `user`
  ADD PRIMARY KEY (`user_id`);

--
-- AUTO_INCREMENT for dumped tables
--

--
-- AUTO_INCREMENT for table `course`
--
ALTER TABLE `course`
  MODIFY `course_id` int(10) NOT NULL AUTO_INCREMENT, AUTO_INCREMENT=49;
--
-- AUTO_INCREMENT for table `day`
--
ALTER TABLE `day`
  MODIFY `day_id` int(10) NOT NULL AUTO_INCREMENT, AUTO_INCREMENT=6;
--
-- AUTO_INCREMENT for table `dept`
--
ALTER TABLE `dept`
  MODIFY `dept_id` tinyint(5) NOT NULL AUTO_INCREMENT, AUTO_INCREMENT=7;
--
-- AUTO_INCREMENT for table `profile`
--
ALTER TABLE `profile`
  MODIFY `teacher_id` int(5) NOT NULL AUTO_INCREMENT, AUTO_INCREMENT=17;
--
-- AUTO_INCREMENT for table `room`
--
ALTER TABLE `room`
  MODIFY `room_id` int(10) NOT NULL AUTO_INCREMENT, AUTO_INCREMENT=14;
--
-- AUTO_INCREMENT for table `sched`
--
ALTER TABLE `sched`
  MODIFY `sched_id` int(10) NOT NULL AUTO_INCREMENT, AUTO_INCREMENT=83585;
--
-- AUTO_INCREMENT for table `school_yr`
--
ALTER TABLE `school_yr`
  MODIFY `year_id` int(10) NOT NULL AUTO_INCREMENT, AUTO_INCREMENT=7;
--
-- AUTO_INCREMENT for table `sem`
--
ALTER TABLE `sem`
  MODIFY `sem_id` int(2) NOT NULL AUTO_INCREMENT, AUTO_INCREMENT=3;
--
-- AUTO_INCREMENT for table `subjects`
--
ALTER TABLE `subjects`
  MODIFY `sub_id` int(10) NOT NULL AUTO_INCREMENT, AUTO_INCREMENT=29;
--
-- AUTO_INCREMENT for table `sub_category`
--
ALTER TABLE `sub_category`
  MODIFY `subcat_id` tinyint(2) NOT NULL AUTO_INCREMENT, AUTO_INCREMENT=3;
--
-- AUTO_INCREMENT for table `timestart`
--
ALTER TABLE `timestart`
  MODIFY `time_s_id` int(10) NOT NULL AUTO_INCREMENT, AUTO_INCREMENT=14;
--
-- AUTO_INCREMENT for table `user`
--
ALTER TABLE `user`
  MODIFY `user_id` int(12) NOT NULL AUTO_INCREMENT, AUTO_INCREMENT=19;
/*!40101 SET CHARACTER_SET_CLIENT=@OLD_CHARACTER_SET_CLIENT */;
/*!40101 SET CHARACTER_SET_RESULTS=@OLD_CHARACTER_SET_RESULTS */;
/*!40101 SET COLLATION_CONNECTION=@OLD_COLLATION_CONNECTION */;
